{"episode_types": ["t"], "initial_reset_timestamp": 1575803068.5877495, "episode_lengths": [1095], "timestamps": [1575803107.642979], "episode_rewards": [306.5179634710763]}